Name,Latitude,Longitude,Address
310695222,19.7743601,-70.4928669,Coastal
312684454,19.7530411,-70.4168105,Esso
312684533,19.6699806,-70.3701371,Isla
312684534,19.7424855,-70.3935894,Texaco
312684566,19.6407957,-70.0740659,Isla bomba
312684683,19.6264123,-69.9013785,Petromóvil
314447133,18.4542133,-69.6061109,Total
332793409,19.7373588,-70.6030628,Total
348105533,19.4757046,-70.8059857,Nativa
348118520,19.4521312,-70.7587298,Texaco
348118924,19.4514688,-70.7671759,Estación ISLA
351954273,19.763538,-70.5142094,Texaco
352761342,19.4959241,-70.6525401,Texaco
354492786,19.7835931,-70.6793952,Texaco
354618566,19.7936106,-70.7101385,Total
363797018,19.7475825,-70.5375762,Shell
375727702,18.2354101,-72.5206219,N/A
375734719,18.4548344,-72.633856,N/A
375734729,18.5062461,-72.62413,National
375734737,18.5166602,-72.6038867,N/A
375734751,18.5419138,-72.4368796,N/A
375734756,18.5311396,-72.359859,N/A
375734801,18.5369888,-72.3361417,N/A
375734852,18.5508994,-72.2430712,Nationale
375734856,18.5765538,-72.2629275,N/A
382507119,18.7364737,-72.4169677,Texaco
382507124,18.7352339,-72.4046605,N/A
597465512,19.6620958,-70.8298221,Petronan
597466116,19.5376344,-70.7905982,Suple Gas
598141684,19.796208,-70.7147793,Texaco
598146716,19.8244856,-70.7444991,Propa Gas
598146998,19.8199676,-70.7777011,Terra Gas
598147451,19.7583977,-70.8340294,Texaco
615711270,18.5112193,-72.6133304,N/A
616838836,18.5060948,-72.6279591,Esso
616838846,18.5058834,-72.6259256,Texaco
616872515,18.1979267,-73.7496879,Total
616941260,18.250926,-72.5456455,Texaco
618311142,18.574975,-72.2974923,N/A
618311143,18.5758004,-72.2870441,N/A
618406520,18.582114,-72.2418017,Ophélia
618406521,18.5830473,-72.239674,National
618414887,18.5883171,-72.2465149,TOTAL
618414895,18.5935878,-72.2531875,Sol
618415508,18.5674589,-72.3109351,National
618427686,18.57855,-72.3147282,Total
618427687,18.5812658,-72.3096616,N/A
618427690,18.5883358,-72.2939897,Sol
618431899,18.5609589,-72.3382569,N/A
618435257,18.5565288,-72.3410372,N/A
619626005,18.2070213,-73.7582895,National
620136976,18.5333444,-72.3245944,National
620151597,18.5327877,-72.3649313,N/A
620546459,18.5598334,-72.3371055,N/A
620822731,18.7158864,-72.3646161,N/A
623794330,18.5156888,-72.2841083,National
623797058,18.5622104,-72.2914991,N/A
623797059,18.5635799,-72.2901919,N/A
623805856,18.5382812,-72.2952801,N/A
627026024,18.5394421,-72.2884838,N/A
629499925,18.4993806,-72.3183045,N/A
629499931,18.498955,-72.3169089,National
629538603,18.5659239,-72.31288,N/A
638363528,18.5331076,-72.3248802,N/A
638363533,18.5461568,-72.3171671,N/A
640963847,18.6351412,-72.2667592,N/A
643131803,18.5164607,-72.291902,N/A
654105701,18.5337403,-72.3337719,National
835972197,18.3861444,-72.5903951,Total
931437285,18.4867444,-69.9417641,Gasolina Texaco
950538253,18.5281372,-72.2735067,Total
956842250,18.5225931,-72.2797397,National
986198572,18.9495106,-72.7037774,Gas Station
986198581,18.9579849,-72.7164342,Stop Over
996392991,18.5332201,-72.3285421,Sol Babiole
1032477770,18.2962906,-73.6527461,N/A
1044653157,18.2047422,-73.7617223,N/A
1044653168,18.2041542,-73.7628236,N/A
1067631165,18.298953,-73.340057,Station Texaco Dieu y pourvoira
1070008273,18.3062102,-73.3266534,N/A
1070008843,18.2833672,-73.3926575,N/A
1074920911,18.42868,-73.0800777,N/A
1075397628,18.5819527,-74.2155728,N/A
1075974407,18.4201425,-72.9253953,N/A
1080579056,18.5184009,-72.2917087,Total
1080579077,18.5179253,-72.2907619,National
1088604519,19.1676936,-72.5996274,N/A
1088604525,19.1520956,-72.6460509,N/A
1088604890,18.7357695,-72.4044997,Total
1088604976,19.1223002,-72.6984746,sol
1088605026,18.8488062,-72.5844705,total
1088605040,18.8393808,-72.571861,N/A
1088605060,18.7367121,-72.4169312,Total
1088605235,18.7995089,-72.5136642,national
1088712346,18.4329857,-73.0794214,Total Miragoane
1105491532,18.2316083,-72.3246646,N/A
1105491824,18.2304195,-72.3940161,N/A
1106852047,19.1305974,-72.4854638,N/A
1107747597,18.27307,-72.5654044,N/A
1107747727,18.5313389,-72.5516828,N/A
1107795001,19.0524889,-72.4652505,N/A
1108073875,18.2394699,-72.5404617,N/A
1108073900,18.2388613,-72.5406493,N/A
1108337981,19.4853854,-72.6559002,station gaz
1108338529,19.6629205,-72.673227,N/A
1109624258,18.5518309,-72.3165232,Sol
1126856105,18.2374056,-72.5373485,national
1134655643,18.2357968,-72.5203369,N/A
1144541656,18.4518514,-72.6353161,N/A
1158033548,18.2299008,-72.399214,N/A
1159831027,19.4612758,-72.6917621,station gaz de k-soleil
1167074708,18.2315783,-72.3247874,gaz national
1171581656,19.4457972,-72.6890191,Stattion gaz
1171583244,19.4507875,-72.6847661,Nationale
1171587293,19.4518984,-72.6835301,Gaz propane
1179396251,18.5778751,-72.2316991,Nationale
1191352430,18.5813331,-72.2273365,gaz Staion GO
1202939013,18.5332892,-72.291313,National
1207642897,18.5337662,-72.3186158,N/A
1207642968,18.5402086,-72.3258906,N/A
1240013527,18.6847187,-68.4527917,Texaco Gasolina
1240019421,18.5992121,-68.4192788,Estación Combustible ESSO
1240818132,18.5396415,-72.3323227,Sol
1242654911,18.5399859,-72.3324864,National
1259953262,18.194118,-71.0868867,Isla Gasolina
1268256592,18.6460093,-74.1147523,N/A
1273018267,18.5430639,-72.3317957,N/A
1304146690,19.7817544,-70.672351,Shell
1307815550,18.2278459,-72.4226081,N/A
1315816827,18.5603806,-72.3184408,Sol
1315816847,18.5552955,-72.314517,National
1414756982,19.4762698,-70.8029065,Rozon Gas
1422682031,18.5712307,-72.2907156,Total
1427537111,18.585075,-72.2737556,N/A
1449499439,18.5497577,-72.3088703,National
1449499440,18.5497719,-72.3122618,National
1449499444,18.5509061,-72.310889,Total
1456035177,18.5159661,-72.2840511,Sol
1456072911,18.5764227,-72.2300264,Nationale
1457583882,18.5461122,-72.3453649,National
1464041519,18.5152938,-72.2865754,National
1464049346,18.516207,-72.2873774,Texaco
1479244151,18.5333301,-72.3580863,Le National
1523701108,18.334678,-73.868706,N/A
1526603339,18.5330368,-72.3862462,Texaco
1528955541,18.4530769,-70.7451988,Esso
1535376781,18.2366269,-72.5378656,Total
1558180775,18.5201374,-72.2415908,N/A
1608679218,18.8333384,-72.1048457,Total
1615719567,19.0999883,-72.6920541,Arti Gaz
1621817990,19.0952176,-72.7109334,Port Gaz Station
1621921849,18.4571731,-69.9291257,Esso
1630380004,18.1966429,-73.7580569,N/A
1636671515,19.7560232,-72.2019203,Total
1644631305,18.8332568,-72.1056348,BLB
1644748628,18.835419,-72.108433,BLB
1645554752,19.3061954,-69.4620959,Shell
1645591582,19.3046333,-69.5490864,Shell
1645591600,19.3113986,-69.5424881,Next
1654410782,19.1027142,-72.7016262,Grand Jehovah
1659932092,19.0979266,-72.7037594,Total Bethleem
1667925841,19.0906055,-72.720303,Texaco
1671972023,18.8043241,-72.5195039,Total
1673541111,18.4701484,-72.2950811,Total
1674112166,19.2249359,-70.5246388,Gasolineria Shell
1674161420,19.2315626,-70.5282927,Camu Gas
1674164178,19.2026588,-70.5010093,Gas Caribe
1674164179,19.2250488,-70.5187333,Estacion de Gasolina Isla
1675808267,19.0499482,-72.7352153,Total gaz
1678949440,18.4293995,-69.9823568,Planta de Gas GLP
1679169310,18.4307845,-69.9707448,Bomba Shell
1681662413,18.3531377,-73.2594023,Achille
1683235548,19.107115,-72.702494,N/A
1684724302,19.149955,-72.6188539,N/A
1685093448,18.1920966,-73.7495799,National
1687271259,19.1062804,-72.7024222,Shell
1758969751,18.5220564,-72.2539032,Sol
1824238301,18.4535022,-70.7574195,N/A
1831534398,18.2039211,-73.7639529,N/A
1837180100,18.9071911,-70.7418931,Isla
1837180311,18.9064451,-70.7432344,Esso Estacion de Combustible
1837180371,18.907115,-70.7371083,Shell Estacion Combustible
1837180515,18.9064756,-70.7371244,Invercona Gas
1851527772,18.4648223,-69.9102931,Shell
1852196193,18.4825144,-69.910117,Gomez Checo
1868847651,18.4880656,-69.8511003,Rojo Gas
1868965160,18.4920662,-69.9153216,Isla Gas Natural
1868987304,18.4083703,-69.6367066,Linea Clave Gas Natural
1869435079,18.5094989,-69.8771106,Credigas
1887098346,18.4915979,-69.8924415,Esso
1890403445,18.4851893,-69.8724451,Texaco
1910267645,19.3116053,-72.605749,N/A
1957759562,18.8223085,-71.946045,N/A
1957759565,18.8280187,-71.9373404,Total
1957793255,18.856098,-71.7802837,N/A
1957847179,18.8124961,-72.2105276,N/A
2003634491,19.9379914,-72.8378945,Total
2006030914,18.4534811,-70.7597785,La isla
2056798599,18.8406333,-72.5715925,Station Service Sol
2056798600,18.8427026,-72.5738863,N/A
2069127369,18.4821354,-69.9072852,Isla
2096974738,18.4644168,-69.940173,Tropigas
2100763850,18.5213068,-72.2230826,N/A
2133241288,18.5317916,-72.3758289,N/A
2150806809,19.7397339,-72.2191199,Total
2164630723,19.148014,-72.0088077,Total
2166482102,18.5755883,-72.2700948,Total
2175099111,19.4240314,-71.6187545,N/A
2175169182,19.7486184,-72.2023896,Sol
2176357006,19.7238378,-72.2288599,N/A
2176357026,19.7328216,-72.2244222,National
2178395981,19.4512786,-70.53326,Nativa
2178758748,18.279115,-70.3283812,Eco Bani
2178759531,18.3773944,-71.5211083,Shell
2182900145,18.5626335,-72.1456606,Texaco
2182900146,18.5661558,-72.1819241,Total
2182900147,18.5684369,-72.2000349,Total
2182934488,18.510301,-71.9785923,Total
2203880771,19.7500721,-72.2027823,National
2217694502,18.565663,-72.2547315,Total
2225510754,19.7486474,-72.2077691,National
2254131988,19.9394972,-72.8322003,National
2256631929,18.5304494,-72.2887314,Total
2268816303,19.556983,-71.7064177,N/A
2268834096,19.5503016,-71.7067633,N/A
2269863383,19.7197419,-72.2512557,N/A
2270203094,19.7569856,-72.2009964,National
2276427363,19.7592634,-72.1976826,National
2276451525,19.7016212,-72.1802298,National
2276451529,19.7217639,-72.1813291,Total
2277620137,19.7297966,-72.2264985,N/A
2284482929,19.7093278,-72.2713067,N/A
2316137141,18.4561734,-70.8371971,Shell
2316271265,19.6966116,-72.1643483,N/A
2316954198,18.453787,-70.731546,Shell
2320132459,18.4790983,-70.0303085,Isla
2333326260,19.6936323,-72.1582605,Sol
2338302775,19.3922171,-70.5219698,Estación Texaco
2338320852,19.3908662,-70.5194654,Estación de Gasolina Isla
2339234566,19.3186635,-70.5378085,Total
2339244380,19.3147808,-70.54004,Estación de Gasolina Isla
2339451203,19.3365169,-70.5279128,Estación de Gas Propano
2339466132,19.3605263,-70.5127079,GLP
2345453068,19.3143429,-70.5374299,Estación de Gas Propano EDGAS
2347382148,19.4853032,-72.6547695,N/A
2347386361,19.4450767,-72.6848807,N/A
2347389710,19.4906222,-72.4885975,N/A
2352575096,19.4063429,-70.5281305,Estación de Gasolina Isla
2352582542,19.4181213,-70.5283343,Cocaleca Gas
2355071326,19.3077303,-70.521308,Estación de Gas Licuado de Petróleo
2355112444,19.2720762,-70.5372189,Estación Gas Licuado de Petróleo
2355136979,19.2265614,-70.490004,Propagas
2358984262,19.3519132,-70.5866273,Gas Licuado de Petróleo
2361126300,19.3753143,-70.5142222,METRO Gas
2362024863,18.905313,-70.2789816,Estación Isla
2365157629,19.1340389,-70.6313775,Estación de Gas Propano-Escalante
2365207800,18.9346885,-70.6896021,Estación de Gasolina Texaco
2367461363,19.193264,-70.1094888,Estacion Isla
2371462721,18.487571,-69.9089728,Texaco
2372348118,19.2670979,-70.2218247,Estación Nativa Guisa
2375588970,18.4992369,-69.836698,Isla
2381265822,19.1776097,-70.3879473,Estación Shell
2381292386,19.2097202,-70.3477442,Bomba de Cenoví
2381508678,18.4930154,-69.9045302,Isla
2381510178,18.5003464,-69.9093209,Isla
2381514086,18.484855,-69.9090524,GLP
2381521218,18.4782562,-69.9062576,Texaco Leopoldo Navarro
2382475414,19.2429583,-70.4773093,Camú Gas
2387590654,19.3318263,-70.6209355,Gas Licuado de Petróleo
2389930935,19.365274,-69.8514875,Estación de Gasolina ESSO
2394171044,18.486214,-69.9036037,Isla
2402609065,19.2387269,-70.537189,Estación Shell
2419999039,19.6992994,-72.180251,Total Gaz
2422737985,19.6723189,-72.6849963,N/A
2424327912,18.4636206,-69.3054614,Estacion Gasolina Isla
2426851559,18.5426262,-72.2996286,Total
2438169657,19.7413609,-72.1943682,Total
2444997437,18.5585968,-72.318816,Total
2479282849,19.8533073,-73.1914646,N/A
2487335363,18.5911931,-72.291446,N/A
2513518245,18.6233391,-72.2720906,N/A
2530172155,19.6640296,-71.2006217,Shell
2554071034,18.209375,-71.1057177,Texaco
2554218070,18.3737766,-71.5044572,N/A
2554218124,18.3712653,-71.4554093,Tropigas
2577351516,18.211669,-71.1082955,Total
2577351540,18.2172678,-71.1170731,Shell
2577351559,18.2492987,-71.1997933,Isla
2577351654,18.492919,-71.865171,Shell
2580752490,18.6409217,-72.2711304,N/A
2590713579,18.6351451,-68.3967768,TotalEnergies
2611843948,18.2433983,-71.842454,N/A
2617511099,18.5943843,-68.3890139,Total
2656183564,18.5260779,-69.8392544,Isla Dominicana de Petroleo Corp.
2670391413,18.543749,-70.5078849,Texaco
2670408015,18.353169,-70.4694143,Isla
2672391459,18.5466664,-70.5027349,Isla
2683849600,18.5302471,-70.5068108,Alicia Gas
2720148359,19.2911873,-70.2508497,Shell Express
2720148360,19.2922511,-70.2518479,Texaco
2720148361,19.2874642,-70.2451152,ESSO NEGRIN
2720148362,19.2740264,-70.2351487,Texaco
2720148372,19.2852043,-70.2774971,Texaco Javier
2720148375,19.2904238,-70.2613259,Estacion de Combustible Esso La Primera
2724434419,19.3092718,-70.2620655,Shell
2724961194,19.3067916,-70.2667236,ISLA
2725409988,19.3191389,-70.2708401,PETROMOVIL
2726808733,19.3017905,-70.2615154,ESSO JAYA
2726825958,19.3185244,-70.2280042,Chelsea Gas (GLP)
2730418181,19.3076691,-70.2824339,JAVIER GAS (GLP)
2731010327,19.324666,-70.2746759,QUISQUEYA GAS (GLP)
2731017231,19.3522756,-70.2897095,JAVIER GAS (GLP)
2731017232,19.3596208,-70.3002888,COOPEGAS (GLP)
2735690571,19.3725034,-70.3523406,ISLA JAVIER
2735690572,19.3715764,-70.3487483,Total
2744159083,19.3551046,-72.3175074,N/A
2755961418,19.2427788,-70.3188636,Hermano Diaz Gas
2755977966,19.1916629,-70.3645727,GLP
2758947378,19.0503354,-69.379469,GLP
2766878660,19.131773,-70.372078,Isla
2770907149,19.7493434,-70.5837759,N/A
2770908937,19.749091,-70.5845216,Gasolinera de gas
2770958884,19.7491288,-70.5197882,Rilix Sosúa
2771694654,19.1277251,-70.2088799,Esso
2771694816,19.2613685,-70.195813,GLP
2772678741,19.2055057,-70.0112133,ARCENIO GAS
2772678807,19.1853611,-69.9232044,Polanco Gas
2772678808,19.1828783,-69.9186287,Petronan Villa Rivas
2774426263,19.187485,-69.860752,N/A
2774426264,19.1869637,-69.8605461,Petronan
2776093634,18.5318502,-72.3403597,Magloire Ambroise
2776512675,19.2685974,-70.2726231,JAVIER GAS (GLP)
2780033801,19.2096773,-70.0231127,Esso Ray
2789636735,19.2985572,-70.3344486,Francis Gas
2791853723,19.279633,-70.2852739,Gas Caribe
2793357818,19.1320022,-72.0028621,National
2805224506,19.202534,-69.4306964,ISLA
2812570280,19.1996096,-70.1126439,Shell Pimentel
2901343209,19.630248,-70.2805662,Estación Esso
2910945884,19.3766896,-70.4098435,Total
2969590432,18.4425721,-69.982618,Estacion de GLP
3014329375,18.4557891,-70.2011947,Shell
3027247483,19.2982487,-72.6099643,N/A
3043292221,19.790954,-70.7011939,Coastal
3043361237,19.7947901,-70.6848351,Isla
3053177693,18.4285329,-72.8613678,N/A
3054657064,19.1293064,-70.6379118,Texaco
3054659564,19.1248401,-70.6421617,Esso
3072631373,18.4534324,-70.8218652,N/A
3073006154,18.4005316,-71.1943294,EcoPetróleo
3087355888,19.4080599,-70.7189927,Petromovil
3090103604,18.4857979,-69.8698987,Total ozama
3097652259,18.4866549,-69.89829,Coastal
3100290431,18.2674072,-73.7841964,N/A
3121451942,18.2788455,-70.3285017,Eco La Regla
3153616240,18.5554468,-72.3040866,N/A
3158565974,18.2474321,-71.2245364,Sunix
3171695197,19.0647158,-70.1496676,Estacion Isla
3174361017,19.0912921,-70.1563136,Texaco
3178738489,18.4315226,-68.9684684,Esso Bancola
3178797630,18.4224661,-68.9688518,Estación Texaco
3178800361,18.4245555,-68.9684979,Estacion Esso
3178802370,18.4289958,-68.968707,Estación combustible
3178995544,18.4265595,-68.9909108,Estación Texaco
3181650384,18.4326566,-68.9941199,Total
3181937339,18.4356353,-69.0034285,Texaco
3182009561,18.4331011,-68.9705163,Petronam
3182010438,18.4174002,-68.9706289,Petronam
3183805987,18.4316718,-68.9847613,Estación Combustible
3185222344,18.7686792,-69.7537338,Texaco
3216815358,18.4256652,-68.9764384,Estacion Esso
3218346025,19.9474352,-72.8186279,N/A
3218880861,18.4326144,-68.9914248,Estación GLP
3244417845,19.0688214,-70.1360489,Estacion GLP
3244417846,19.0667612,-70.1388626,Red
3268852787,19.8301752,-71.0614731,Eco Petróleo La Isabela
3360430494,18.4673786,-73.9231622,Station Sainte Agnès
3361864200,18.6327713,-74.1124973,N/A
3361864201,18.6351873,-74.1084477,N/A
3389194418,19.0949717,-70.161169,Isla
3389256682,19.0552056,-70.1508955,Texaco
3422896040,19.0606926,-70.149449,Isla Hnos Peña
3443967738,19.1934973,-69.9353725,Petronan
3457539604,18.4310509,-68.9921398,Estación de gas propano y natural
3457925934,19.1892918,-70.1107365,Isla
3457941074,19.2006754,-70.1132344,Tropigas Pimentel
3471324354,18.2088839,-71.1019506,N/A
3491000976,19.2878858,-70.2684175,Texaco
3493440175,18.5763779,-70.0369867,Yaco Gas
3495325314,18.4987768,-69.9939859,SGN Gas Natural
3501183933,18.429547,-68.8409406,Estación Combustible
3504170957,18.9441389,-69.7916339,Isla
3504174076,18.9444306,-69.7918056,Esso
3556503559,19.397051,-70.5231359,Texaco
3556504880,19.3976249,-70.5232345,Esso
3587016517,19.1981702,-70.2134277,Texaco
3591282657,19.1231971,-70.3032669,Shell
3591283688,19.1243154,-70.3064168,EcoPetróleo
3604255829,19.2887172,-70.2654898,Shell Express
3606242870,19.2430274,-70.2760534,Hadil Gas
3658976708,18.9783489,-69.0380308,Eco Petróleo
3680664054,18.9027716,-70.2679559,Petronan
3683059880,18.8998963,-70.254963,N/A
3683088600,18.873043,-71.5167495,Esso
3683101968,18.8746301,-71.6860909,Eco
3684593439,18.4882592,-71.4814183,Shell
3684593608,18.4990863,-71.3381515,Shell Galván
3684603493,18.4793587,-71.4152806,Esso
3684603494,18.4794682,-71.4170759,Shell
3684619587,18.3846622,-71.1792414,Shell
3684748375,18.222533,-71.1229427,Texaco
3684893128,18.2733768,-70.3106615,Total La Sureña
3686242962,19.0352342,-70.0284565,Isla
3693535411,18.2793803,-70.3257878,Gasolinera Texaco
3693672057,18.5519253,-70.4994377,Texaco
3696120877,19.9370566,-72.8400453,National
3696225523,19.6666945,-72.6743382,N/A
3697938241,19.4630274,-72.6986206,N/A
3717260598,18.2076508,-74.0410562,Total
3733469707,19.4422126,-70.7126192,Estacion shell las Aromas
3739869612,18.4642631,-68.824926,Estación Combustible
3748314237,19.545827,-71.7388951,Station d'Essence Total
3793650776,18.4503544,-69.9803274,Estacion Esso
3799569559,19.5472057,-71.7358266,N/A
3887574101,18.4872059,-69.8523841,Esso
3909314021,18.2791651,-70.3195555,Eco Petróleo
3909314022,18.2601421,-70.2942404,Isla
3921090837,18.560734,-69.9051914,Isla
3921090838,18.5874027,-69.9270381,Isla
3921090839,18.5661071,-69.9091584,Nativa
3921129159,18.5209446,-69.8355335,Next
3921899422,18.3577266,-70.1667259,Eco
3921899423,18.3968543,-70.1449227,Isla
3926390676,18.4778612,-73.2522868,N/A
3958483382,18.5412005,-72.2787284,Total
3958503716,18.596689,-72.3234711,Total
4030065591,19.1029345,-72.701704,N/A
4100805947,18.5288845,-69.9369322,Alba Gas
4128426792,18.4486779,-69.6448896,Texaco
4162399590,18.4248501,-69.9935246,Bomba ESSO-Estación de Servicios RAE
4163525710,18.6663788,-72.2594994,Station Tap-Tap
4166685450,19.6669211,-71.3975009,Esso
4166685560,19.4776229,-71.3394203,Esso
4168434134,19.4755399,-70.5853389,Estacion de Gasolina  Canca
4181972525,19.2099194,-70.5308645,COGAS
4190458690,19.0398483,-70.1489532,Bomba Isla 
4190496290,19.0524599,-70.1522927,Bomba Isla
4211513890,18.4365481,-69.6809101,Texaco
4211632590,18.4449388,-69.0705591,"Distribuidora de Gas ""ONEGAS"""
4222647489,18.4987857,-69.8351069,rojo gas
4224817497,18.5613428,-68.7170089,Combustible
4232426391,19.4625937,-70.6478314,Sol Gas
4236762843,19.2117798,-70.0403907,Propagas Castillo (GLP)
4239305612,19.2185837,-70.0802504,Arcenio Gas
4256291789,18.4556567,-69.7093368,Shell
4269505363,19.3707361,-70.3713897,Texaco
4269505364,19.3701276,-70.3743028,Isla Conuco
4269672291,19.4826744,-70.7292849,Estación Total Riocon
4286022891,18.4540996,-69.5908436,Trópigas
4295223055,18.4492649,-69.6635781,Aferme Gas
4311504690,19.4773145,-70.6688674,Estación Isla Gurabo
4311533490,19.1864663,-69.8326111,Total Arenoso
4332355248,18.5392246,-72.3229525,Total
4353410789,18.7592711,-69.0345854,Shell
4377151411,19.2991372,-70.4209687,Sigma
4377151412,19.3005118,-70.423483,Texaco
4377161605,19.3040603,-70.4213356,GLP
4377161606,19.3057022,-70.4221148,Texaco
4405247293,18.4473424,-68.9719361,N/A
4412553492,18.6323438,-72.2671032,N/A
4412678437,19.4809403,-70.6030903,Estacion De Gas Cosigas  Tamboril
4412678440,19.4878486,-70.6148467,Estación de Combustibles Total Tamboril
4414409591,19.5633909,-71.0728354,Estación ESSO
4414414592,19.5610668,-71.071326,Estación Isla Duarte
4414416090,19.5556247,-71.0771767,Estación TEXACO
4414438090,19.5655957,-71.0732477,Estación PetroGas
4414438289,19.5679539,-71.0744127,Estación Shell Hatico
4414438589,19.5610088,-71.0842566,Estación Shell El Canal
4428288790,19.1488704,-70.6069483,isla
4435052393,19.0979073,-70.1654487,Petronan
4441427399,19.2324829,-69.212883,Texaco
4459641092,19.450182,-70.7105844,estación petronan
4459746991,18.5392223,-70.0280749,N/A
4459767091,18.5068277,-70.0037944,lusergas planta de gas
4463815190,18.6335835,-68.3935499,N/A
4465767389,19.4445775,-70.7095967,estación de gasolina Next
4470033891,18.4515542,-69.6860346,Esso
4478212393,19.4866288,-70.6204685,Texaco
4481029187,18.6536007,-71.3298881,Combustible
4488958089,18.8805157,-71.7163993,Elias Piña Gas
4493337498,18.4287307,-72.8600908,National
4493506189,19.479316,-70.5992919,Estación Isla tamboril
4511879089,18.5938849,-68.4593761,Francis Gas
4511879789,18.5980253,-68.4292049,Tropigas
4517505289,18.4075888,-70.1322561,Sigma
4533910295,19.1484941,-70.453014,Texaco
4537879382,18.4438753,-69.0361038,Combustible
4546395898,19.3577387,-70.5843881,Esso El Higüerito
4569065393,19.4808386,-70.6887065,Metro Gas
4578079293,19.5783106,-71.1618789,Estación Isla
4618262610,18.5068977,-69.9595911,Estación de Combustibles Total Las Laderas
4624418589,19.2283244,-70.3319588,Bomba Texaco
4665855093,18.4869605,-69.889005,Texaco
4674782992,19.3982429,-70.5236485,Estación Total
4674798689,19.3901545,-70.5269232,Esso Las Palmas
4677287889,19.5918903,-70.8448967,Línea Gas (GLP)
4684381806,18.5527986,-72.3025724,N/A
4687146791,19.5632581,-70.8878237,Total
4687891033,19.5607414,-70.8725437,Texaco
4693034350,19.2772683,-70.5397835,Texaco
4694424389,18.459619,-69.9743958,Hilda gas
4706671091,19.5633481,-71.1158855,Estación Isla
4710428890,19.5498171,-71.7069267,Estación Texaco
4710577694,19.4801476,-71.3207957,Estación Isla
4710625599,19.476512,-71.3396391,Texaco
4710663589,19.4107258,-71.4378245,Texaco
4711652490,18.4807932,-69.8991659,Texaco
4713706098,19.1434665,-70.6099671,Propa-Gas
4721414890,18.9468986,-70.409758,Estación Total Los Amapolos
4727688889,19.4435387,-70.737908,Sunix
4727688989,19.4407073,-70.7310495,Next
4727689089,19.4410576,-70.7301555,Optimo Gas
4728288492,19.4722202,-71.3507671,Petronan
4728383089,19.4094719,-71.4443961,Estación Esso La Novia de Villa
4728383190,19.4601531,-71.361556,EcoPetróleo
4728384889,19.4625857,-71.3591765,Aferme Gas
4733215925,19.3945701,-70.6766063,One Gas
4734626922,19.8298529,-71.177721,Eco Petróleo Estero Hondo
4743931523,18.4654538,-69.8171921,Nativa
4744915726,18.4796558,-69.8993157,N/A
4745407927,19.494619,-72.64366,dolan gas station
4747194022,19.7943711,-70.7135788,Aferme Gas
4750814325,18.5037774,-70.0003927,Sunix
4777929421,19.209681,-70.0292538,Estacion Isla Castillo
4796735857,19.1811288,-70.3804457,Los Samanes
4801360222,18.4249498,-70.027138,Estascion esso invi cea
4834496423,19.4135293,-71.1635839,EcoPetróleo
4843992021,18.8354863,-72.0942861,National
4854417551,18.4454406,-68.9697121,Estación Texaco Río Dulce
4859744521,19.423732,-70.475286,Texaco Las Lagunas
4893957721,18.763547,-69.2551497,Total
4893997321,18.7683668,-69.2583983,Eco petroleo
4895244221,18.4859206,-69.5798504,Nativa
4900224521,18.929549,-70.683948,Gas Propano Inverconsa
4902558021,18.5705629,-72.2880095,N/A
4902558022,18.5709529,-72.288019,N/A
4903001927,19.439304,-70.721528,Repuesto estación servicios juan francisco total
4910920425,19.3356503,-70.9355588,Texaco
4910920427,19.3330685,-70.8858387,Gasolinera texaco estación san jose 2
4915243124,18.6291079,-69.4888595,GLP
4915335321,18.4807004,-69.8775936,Credigas
4915702421,18.4652232,-69.7726003,Sigma
4916939726,18.5069949,-69.8655909,Credigas los mina
4920768924,18.4499085,-69.6685672,Xtra
4920776924,18.5070135,-69.8652615,Credigas
4920927521,18.4955826,-69.8649038,Isla
4920953722,18.4955653,-69.864895,Isla
4927580021,18.4849059,-69.8869082,Gasolinera repuesto West five enterpriss
4939200323,18.465939,-69.9460688,Óptimo gas
4944719224,18.5035616,-69.907086,Estación isla luis camilo c.por a
4972069822,18.4809975,-69.9568371,Propagas
4987247122,19.2060075,-69.3466911,Shell
4992851722,19.21263,-69.355482,Grupo Arcenio
5000828965,18.8253434,-71.9419983,N/A
5018842421,18.2171175,-73.7471383,good vibe
5025386721,19.4894176,-70.7491368,estación de gas cooperativa
5029735923,18.4897052,-69.8452019,Mariot Gas
5029928422,18.2246267,-73.7532975,N/A
5030947223,18.5574899,-69.7020507,N/A
5032189224,18.5266993,-72.3406047,Station de service
5033213523,18.2072781,-71.0927725,EcoPetroleo
5043357221,18.2678687,-73.7819232,N/A
5045650522,18.9698339,-70.4158246,Shell
5045847421,18.9712145,-70.4181226,Shell
5048489822,19.4959365,-70.7071773,Nativa
5048495921,19.500563,-70.7057057,Petronan
5058973513,19.4157982,-70.6882823,N/A
5061379621,18.6660992,-68.4137614,Texaco
5082012923,18.4709202,-69.8312595,Texaco
5082012924,18.7684264,-69.0389421,Petronan
5106528626,19.435935,-70.613281,Estación texaco crédito industriales
5115926521,19.6753793,-69.9751418,Sunix Martí
5166567585,18.545145,-72.3374629,N/A
5199376822,18.6140615,-68.4062511,Credigas
5200670084,18.9957451,-72.3926295,National Nicado Ent.
5223422423,18.945513,-70.3984884,Centro de mantenimiento provincial cemaproca bomba eco total
5267992722,19.440702,-70.7257702,Estacion texaco
5308599644,18.5329325,-72.3400395,N/A
5318588277,18.5452852,-72.3972952,Arcachon 32
5341559021,18.9839488,-69.0592884,Texaco
5366108827,19.3724472,-69.8486155,N/A
5366112050,19.3780442,-69.851641,N/A
5366113925,19.3692994,-69.8426717,Texaco
5366129551,19.3821735,-69.8520385,N/A
5387902721,19.4463739,-70.7908729,PROPAGAS
5387902722,19.448113,-70.788333,Estación de Combustible SIGMA
5387902723,19.4507301,-70.7752583,Estación de Combustible Global
5405414237,18.5832312,-68.3781933,Total
5543021921,18.5083615,-69.9898276,SIGMA
5583088721,19.4120748,-70.5192509,Petronan
5611574622,18.7522357,-68.5373053,Sunix
5611800922,19.5795191,-70.9979121,Total
5611801021,19.4785604,-70.7432897,Aferme Gas Cienfuegos
5612367621,18.4601425,-69.3052419,Texaco
5635963222,19.4445158,-70.4943678,Progas Juan López
5659061722,18.941375,-70.395427,Estacion Texaco Bonao
5739839732,18.5552608,-72.3140422,Total
5910480855,19.4690571,-70.6529926,Texaco
5910505799,19.475416,-70.6565988,Optimo Gas
5963450473,19.7166937,-70.8345735,Estacion De Combustible Ecopetroleo Ambar
5983690279,18.9645985,-69.7651259,Planta de gas
6170542215,18.5420852,-72.5231983,Total Gressier 2
6179378703,18.565314,-72.31294,National
6179378704,18.5597562,-72.3089247,N/A
6182325771,18.2034863,-73.7549831,Total
6248593909,18.546783,-72.30435,N/A
6248593911,18.5487658,-72.2967315,N/A
6269712271,18.4202304,-72.7716203,N/A
6291492585,19.4848514,-70.7349522,Estación texaco monterrico
6314368637,18.5462718,-72.3031717,Total
6329704914,18.5480703,-72.305504,Bipar
6360723254,19.2441258,-70.5651835,N/A
6374154070,18.6024349,-72.2824659,N/A
6386009265,19.371763,-70.3402637,Gas Tenares
6412779205,18.5317906,-72.3792467,N/A
6412779206,18.531947,-72.3798998,N/A
6412795698,18.5316278,-72.3600474,N/A
6483123122,17.990676,-71.1640149,Texaco
6515065088,18.6223134,-72.310794,N/A
6575458147,18.4999416,-69.3037583,Total - El Encuentro
6630188958,19.1466514,-72.0085344,Go
6630234448,19.25884,-72.0296014,N/A
6630250591,19.1504435,-72.0078777,National
6648296391,19.337592,-72.1172491,N/A
6653520535,19.1258185,-72.0020127,N/A
6653984574,18.8164348,-72.064991,Flora
6653984576,18.835201,-72.094793,N/A
6656008438,18.5473577,-72.422044,N/A
6656232528,18.5450105,-72.3959997,N/A
6656258571,18.5362499,-72.5362927,N/A
6656266819,18.5502031,-72.4161592,N/A
6656593516,18.5451275,-72.4583074,N/A
6680168675,19.7007562,-72.180385,Station Total gas
6700755248,18.5741914,-70.0858976,Propagas
6742198312,18.5735103,-72.2273226,National
6742198948,18.5709062,-72.2166527,N/A
6742201922,18.5821675,-72.2457044,Capital
6742201923,18.5690056,-72.2047385,National
6742203053,18.5764359,-72.2302635,National
6747879575,18.5690137,-72.204457,National
6757732635,18.5821301,-72.245741,Capital
6800392069,19.2202852,-69.5281702,N/A
6804483892,19.7344755,-72.2215877,N/A
6804483893,19.6947638,-72.406624,N/A
6804483894,19.7015011,-72.4053955,N/A
6864942449,18.3585707,-73.2396618,N/A
6864942450,18.3630943,-73.2224768,Fond des Nègres
6867962012,18.2108344,-73.7551394,N/A
6867962014,18.1864974,-73.7859426,N/A
6867962015,18.1846557,-73.7901717,N/A
6867962017,18.1600532,-73.8219023,N/A
6867977543,18.297015,-73.6526763,N/A
6875851186,18.565189,-72.3124563,N/A
6967914885,18.4739733,-69.9263517,Sunix
7344471569,18.4299109,-70.1223734,N/A
7472196143,18.5564178,-72.2636917,N/A
7477488316,19.4813626,-70.6621315,planta de GLP
7538757785,19.4953619,-70.7360746,PropaGas
7595309887,18.941351,-70.3953478,Estación texaco bonao
7741588485,18.7050189,-68.4653854,N/A
7850787486,18.6240236,-68.388419,N/A
7865840866,18.429166,-69.9821303,Alvaha Gas SRL
8214388970,18.4219667,-68.9460088,Sunix
8228501108,18.4791431,-69.3071559,Eco-Petroleo
8264870368,18.5529252,-69.2928279,Shell
8406750717,19.2937033,-69.4333892,N/A
8647519117,18.3579822,-70.1665863,Estación total
8689222817,18.6268694,-68.7364358,Petronan Higüey
8751729908,18.7313102,-71.5208304,N/A
8756277718,19.6852669,-71.2695066,Shell
8762950518,19.8979783,-70.9655946,N/A
8770238718,19.6356609,-70.075182,N/A
8770238722,19.3597585,-69.8520811,N/A
9095901324,18.7748483,-68.5746742,N/A
9095917915,18.6920167,-68.4543725,N/A
9152164293,19.3046302,-69.5448303,N/A
9199037921,18.5659961,-69.7678962,N/A
9199215591,18.4557583,-69.7002161,N/A
9199229419,18.47243,-69.7241709,Petronan
9386842417,18.4196702,-68.9592726,N/A
9502788510,18.4372612,-69.0098044,Propagas
9868560519,18.5858704,-68.4009758,Propa Gas
9896462953,18.4115203,-68.9944959,Eco Petroleo
9966350918,18.4225846,-70.0975545,Gasolinera Madre Vieja
10061854756,18.5807091,-68.3842537,Pro Pagas
10064133396,18.5807091,-68.3842537,Pro GAS
10064344226,19.6594241,-70.0654154,MetroGas
10571105509,18.2800951,-70.3376519,Shell
10571145609,18.2763622,-70.3346462,Estación Sonrisa
10591046294,18.2701693,-70.3406266,Eco Villa Sombrero
10749652039,18.2797045,-70.3428631,Texaco
10749654314,18.2784845,-70.3438475,Gas Caribe
10749672738,18.2831546,-70.3542905,Estacion Shell Miltin
10749683291,18.3167366,-70.4035251,EcoPetroleo
10869492256,18.4256737,-70.0725257,Estación de combustibles Sigma Hatillo
10872367505,18.4899713,-69.8450513,MARIOT GAS
10874160816,18.8438768,-70.3152493,Esso
10874208215,18.7660764,-70.0222701,Shell
10879253257,18.5615161,-69.6969254,Nativa
10879420620,18.4543325,-70.8291805,Texaco
10879571167,18.8729404,-71.5162472,EcoPetróleo
10894586268,18.6544667,-68.6599533,Texaco
10894803432,19.5381784,-70.7877682,Total
10894803433,19.5395017,-70.7950343,Next
10896942161,19.6356919,-69.9045751,Shell
10913160927,18.3523753,-70.1693648,Gas
10913163959,18.3988203,-70.1430982,Gasolinera
10913163960,18.2702933,-70.2446437,Eco Petróleo
10913166337,18.3860657,-70.1531092,Gas
10913175314,18.2713427,-70.2347372,Eco Petróleo
10916793956,18.738474,-70.9375037,Total
10916793988,18.729021,-70.9424591,Texaco
10932109217,18.5657444,-70.0834648,Sigma
10932109222,18.568668,-70.0931083,Credigas
10932109228,18.5692846,-70.0931164,Shell
10932109248,18.5721104,-70.1010221,Shell
10935036960,19.4120088,-71.1569715,Texaco
10935230656,19.3674281,-70.4198094,Shell
10953564152,18.3877436,-71.1631561,EcoPetróleo
10955199168,18.3883074,-71.1823567,Petromóvil
10955732071,19.1432789,-70.4697898,EcoPetróleo
10955765463,19.1405448,-70.4288137,Credigas
10968287825,19.1033726,-70.1725027,Petronan
10969509850,18.4418514,-70.6647279,Shell
10969509855,18.442326,-70.6509722,Petronan
10969643370,18.4433861,-70.6253522,Petronan
10969662568,19.3804149,-70.6100704,Texaco
10969773072,18.8353881,-68.6690075,Texaco
10983086190,18.5373452,-71.6313018,N/A
11004284325,18.7537394,-69.6369337,Shell
11004316937,18.6727085,-70.1746678,Texaco
11005968508,18.9702717,-69.3758551,N/A
11018734528,19.6062784,-70.9783645,Shell
11018736705,19.5982116,-70.9808993,EcoEsperanza
11018736964,19.57753,-70.9897195,Texaco
11023716577,19.5831922,-70.9867946,Texaco
11384871787,19.29928,-70.3481336,Estación Texaco Los Limones
11561852905,18.0541604,-71.7410887,ESTACION DE GAS
11585057855,18.7677127,-69.0419141,Total
11587455309,17.8961296,-71.2367151,Texaco
11610820529,19.2339714,-69.6055901,Texaco
11611617633,18.5979264,-68.4333184,Texaco
11627955379,19.4609795,-70.6858929,Texaco
11630873226,19.4858031,-70.6587947,Total
11635868671,18.3852518,-70.0528496,N/A
11639027851,19.4729989,-70.6315916,Shell
11672903641,19.4591147,-70.7001416,Texaco
11704764958,19.8878175,-70.9643917,Shell
11847830067,18.986225,-69.3824366,Gas GLP
11847854397,18.7765511,-69.2648961,Gas GLP
11860661340,19.7812199,-72.8006046,Total
11860718233,19.9343433,-72.8450039,Texaco
11895271821,18.6908734,-68.4382784,Texaco
